Task,Name,Result,Engine,Bound,Time,Note
"<embedded>","vscale_sim_top._assume_1","temporary","?","","0.000 s",""
"<embedded>","vscale_sim_top._assume_2","temporary","?","","0.000 s",""
"<embedded>","vscale_sim_top._assume_3","temporary","?","","0.000 s",""
"<embedded>","vscale_sim_top._assume_4","temporary","?","","0.000 s",""
"<embedded>","vscale_sim_top._assume_5","temporary","?","","0.000 s",""
"<embedded>","vscale_sim_top._assume_6","temporary","?","","0.000 s",""
"<embedded>","vscale_sim_top._assume_6:precondition1","covered","N","3","0.356 s",""
"<embedded>","vscale_sim_top._assume_7","temporary","?","","0.000 s",""
"<embedded>","vscale_sim_top._assume_7:precondition1","covered","N","1","0.000 s",""
"<embedded>","vscale_sim_top._assume_8","temporary","?","","0.000 s",""
"<embedded>","vscale_sim_top._assume_8:precondition1","covered","N","1 - 2","0.356 s",""
"<embedded>","vscale_sim_top._assume_9","temporary","?","","0.000 s",""
"<embedded>","vscale_sim_top._assume_9:precondition1","covered","N","1 - 3","0.356 s",""
"<embedded>","vscale_sim_top._assume_10","temporary","?","","0.000 s",""
"<embedded>","vscale_sim_top._assume_10:precondition1","covered","N","1","0.000 s",""
"<embedded>","vscale_sim_top._assume_11","temporary","?","","0.000 s",""
"<embedded>","vscale_sim_top._assume_11:precondition1","covered","N","1","0.356 s",""
"<embedded>","vscale_sim_top._assert_12","proven","I","(21)","31.224 s",""
"<embedded>","vscale_sim_top._assert_12:precondition1","covered","N","1","0.000 s",""
