Task,Name,Result,Engine,Bound,Time,Note
"<embedded>","vscale_sim_top._assume_1","temporary","?","","0.000 s",""
"<embedded>","vscale_sim_top._assume_2","temporary","?","","0.000 s",""
"<embedded>","vscale_sim_top._assume_3","temporary","?","","0.000 s",""
"<embedded>","vscale_sim_top._assume_3:precondition1","covered","K","1","0.000 s",""
"<embedded>","vscale_sim_top._assume_4","temporary","?","","0.000 s",""
"<embedded>","vscale_sim_top._assume_5","temporary","?","","0.000 s",""
"<embedded>","vscale_sim_top._assume_6","temporary","?","","0.000 s",""
"<embedded>","vscale_sim_top._assume_7","temporary","?","","0.000 s",""
"<embedded>","vscale_sim_top._assume_8","temporary","?","","0.000 s",""
"<embedded>","vscale_sim_top._assume_9","temporary","?","","0.000 s",""
"<embedded>","vscale_sim_top._assume_10","temporary","?","","0.000 s",""
"<embedded>","vscale_sim_top._assume_11","temporary","?","","0.000 s",""
"<embedded>","vscale_sim_top._assume_12","temporary","?","","0.000 s",""
"<embedded>","vscale_sim_top._assume_12:precondition1","covered","K","3","0.293 s",""
"<embedded>","vscale_sim_top._assume_13","temporary","?","","0.000 s",""
"<embedded>","vscale_sim_top._assume_13:precondition1","covered","C","4","0.690 s",""
"<embedded>","vscale_sim_top._assume_14","temporary","?","","0.000 s",""
"<embedded>","vscale_sim_top._assume_15","temporary","?","","0.000 s",""
"<embedded>","vscale_sim_top._assume_16","temporary","?","","0.000 s",""
"<embedded>","vscale_sim_top._assume_16:precondition1","covered","C","2 - 4","0.690 s",""
"<embedded>","vscale_sim_top._assume_17","temporary","?","","0.000 s",""
"<embedded>","vscale_sim_top._assume_17:precondition1","covered","K","1","0.000 s",""
"<embedded>","vscale_sim_top._assume_18","temporary","?","","0.000 s",""
"<embedded>","vscale_sim_top._assume_18:precondition1","covered","I","5","0.906 s",""
"<embedded>","vscale_sim_top._assume_19","temporary","?","","0.000 s",""
"<embedded>","vscale_sim_top._assume_19:precondition1","covered","K","1","0.000 s",""
"<embedded>","vscale_sim_top._assert_20","proven","AD","Infinite","0.510 s",""
"<embedded>","vscale_sim_top._assert_20:precondition1","covered","K","1","0.000 s",""
