Task,Name,Result,Engine,Bound,Time,Note
"<embedded>","vscale_sim_top._assume_1","temporary","?","","0.000 s",""
"<embedded>","vscale_sim_top._assume_2","temporary","?","","0.000 s",""
"<embedded>","vscale_sim_top._assume_3","temporary","?","","0.000 s",""
"<embedded>","vscale_sim_top._assume_3:precondition1","covered","I","1","0.000 s",""
"<embedded>","vscale_sim_top._assume_4","temporary","?","","0.000 s",""
"<embedded>","vscale_sim_top._assume_5","temporary","?","","0.000 s",""
"<embedded>","vscale_sim_top._assume_6","temporary","?","","0.000 s",""
"<embedded>","vscale_sim_top._assume_7","temporary","?","","0.000 s",""
"<embedded>","vscale_sim_top._assume_8","temporary","?","","0.000 s",""
"<embedded>","vscale_sim_top._assume_8:precondition1","covered","K","3","0.315 s",""
"<embedded>","vscale_sim_top._assume_9","temporary","?","","0.000 s",""
"<embedded>","vscale_sim_top._assume_9:precondition1","covered","C","4","0.735 s",""
"<embedded>","vscale_sim_top._assert_10","proven","AD","Infinite","3.098 s",""
"<embedded>","vscale_sim_top._assert_10:precondition1","covered","I","1","0.000 s",""
