Task,Name,Result,Engine,Bound,Time,Note
"<embedded>","vscale_sim_top._assume_1","temporary","?","","0.000 s",""
"<embedded>","vscale_sim_top._assume_2","temporary","?","","0.000 s",""
"<embedded>","vscale_sim_top._assume_3","temporary","?","","0.000 s",""
"<embedded>","vscale_sim_top._assume_4","temporary","?","","0.000 s",""
"<embedded>","vscale_sim_top._assume_5","temporary","?","","0.000 s",""
"<embedded>","vscale_sim_top._assume_6","temporary","?","","0.000 s",""
"<embedded>","vscale_sim_top._assume_7","temporary","?","","0.000 s",""
"<embedded>","vscale_sim_top._assume_7:precondition1","covered","I","3","0.402 s",""
"<embedded>","vscale_sim_top._assume_8","temporary","?","","0.000 s",""
"<embedded>","vscale_sim_top._assume_8:precondition1","covered","I","1","0.000 s",""
"<embedded>","vscale_sim_top._assume_9","temporary","?","","0.000 s",""
"<embedded>","vscale_sim_top._assume_9:precondition1","covered","I","1 - 2","0.402 s",""
"<embedded>","vscale_sim_top._assume_10","temporary","?","","0.000 s",""
"<embedded>","vscale_sim_top._assume_10:precondition1","covered","I","1 - 3","0.402 s",""
"<embedded>","vscale_sim_top._assume_11","temporary","?","","0.000 s",""
"<embedded>","vscale_sim_top._assume_11:precondition1","covered","I","1","0.000 s",""
"<embedded>","vscale_sim_top._assume_12","temporary","?","","0.000 s",""
"<embedded>","vscale_sim_top._assume_12:precondition1","covered","I","1","0.402 s",""
"<embedded>","vscale_sim_top._assert_13","proven","I","(21)","35.984 s",""
"<embedded>","vscale_sim_top._assert_13:precondition1","covered","I","1","0.000 s",""
