Task,Name,Result,Engine,Bound,Time,Note
"<embedded>","vscale_sim_top._assume_1","temporary","?","","0.000 s",""
"<embedded>","vscale_sim_top._assume_2","temporary","?","","0.000 s",""
"<embedded>","vscale_sim_top._assume_3","temporary","?","","0.000 s",""
"<embedded>","vscale_sim_top._assume_3:precondition1","covered","N","1","0.000 s",""
"<embedded>","vscale_sim_top._assert_4","proven","AM","Infinite","1.113 s",""
"<embedded>","vscale_sim_top._assert_4:precondition1","covered","N","1","0.000 s",""
