Task,Name,Result,Engine,Bound,Time,Note
"<embedded>","vscale_sim_top._assume_1","temporary","?","","0.000 s",""
"<embedded>","vscale_sim_top._assume_2","temporary","?","","0.000 s",""
"<embedded>","vscale_sim_top._assume_3","temporary","?","","0.000 s",""
"<embedded>","vscale_sim_top._assume_4","temporary","?","","0.000 s",""
"<embedded>","vscale_sim_top._assume_5","temporary","?","","0.000 s",""
"<embedded>","vscale_sim_top._assume_6","temporary","?","","0.000 s",""
"<embedded>","vscale_sim_top._assume_7","temporary","?","","0.000 s",""
"<embedded>","vscale_sim_top._assume_7:precondition1","covered","I","1","0.000 s",""
"<embedded>","vscale_sim_top._assert_8","proven","AD","Infinite","1.295 s",""
"<embedded>","vscale_sim_top._assert_8:precondition1","covered","I","1","0.000 s",""
