Task,Name,Result,Engine,Bound,Time,Note
"<embedded>","vscale_sim_top._assume_1","temporary","?","","0.000 s",""
"<embedded>","vscale_sim_top._assume_2","temporary","?","","0.000 s",""
"<embedded>","vscale_sim_top._assume_3","temporary","?","","0.000 s",""
"<embedded>","vscale_sim_top._assume_4","temporary","?","","0.000 s",""
"<embedded>","vscale_sim_top._assume_4:precondition1","covered","I","1","0.000 s",""
"<embedded>","vscale_sim_top._assert_5","proven","I","Infinite","2.564 s",""
"<embedded>","vscale_sim_top._assert_5:precondition1","covered","I","1","0.000 s",""
