Task,Name,Result,Engine,Bound,Time,Note
"<embedded>","vscale_sim_top._assume_1","temporary","?","","0.000 s",""
"<embedded>","vscale_sim_top._assume_2","temporary","?","","0.000 s",""
"<embedded>","vscale_sim_top._assume_3","temporary","?","","0.000 s",""
"<embedded>","vscale_sim_top._assume_3:precondition1","covered","C","1","0.000 s",""
"<embedded>","vscale_sim_top._assume_4","temporary","?","","0.000 s",""
"<embedded>","vscale_sim_top._assume_5","temporary","?","","0.000 s",""
"<embedded>","vscale_sim_top._assume_6","temporary","?","","0.000 s",""
"<embedded>","vscale_sim_top._assume_7","temporary","?","","0.000 s",""
"<embedded>","vscale_sim_top._assume_8","temporary","?","","0.000 s",""
"<embedded>","vscale_sim_top._assume_9","temporary","?","","0.000 s",""
"<embedded>","vscale_sim_top._assume_9:precondition1","covered","I","3","0.410 s",""
"<embedded>","vscale_sim_top._assume_10","temporary","?","","0.000 s",""
"<embedded>","vscale_sim_top._assume_10:precondition1","covered","I","4","0.720 s",""
"<embedded>","vscale_sim_top._assume_11","temporary","?","","0.000 s",""
"<embedded>","vscale_sim_top._assume_12","temporary","?","","0.000 s",""
"<embedded>","vscale_sim_top._assume_13","temporary","?","","0.000 s",""
"<embedded>","vscale_sim_top._assume_13:precondition1","covered","I","2 - 4","0.720 s",""
"<embedded>","vscale_sim_top._assume_14","temporary","?","","0.000 s",""
"<embedded>","vscale_sim_top._assume_14:precondition1","covered","I","4","0.720 s",""
"<embedded>","vscale_sim_top._assert_15","proven","Tri","Infinite","7.744 s",""
"<embedded>","vscale_sim_top._assert_15:precondition1","covered","C","1","0.000 s",""
