Task,Name,Result,Engine,Bound,Time,Note
"<embedded>","vscale_sim_top._assume_1","temporary","?","","0.000 s",""
"<embedded>","vscale_sim_top._assume_2","temporary","?","","0.000 s",""
"<embedded>","vscale_sim_top._assume_3","temporary","?","","0.000 s",""
"<embedded>","vscale_sim_top._assume_4","temporary","?","","0.000 s",""
"<embedded>","vscale_sim_top._assume_5","temporary","?","","0.000 s",""
"<embedded>","vscale_sim_top._assume_6","temporary","?","","0.000 s",""
"<embedded>","vscale_sim_top._assume_6:precondition1","covered","C","3","0.324 s",""
"<embedded>","vscale_sim_top.SEQ1","temporary","?","","0.000 s",""
"<embedded>","vscale_sim_top.SEQ1:precondition1","covered","C","1","0.000 s",""
"<embedded>","vscale_sim_top.PROGRESS","temporary","?","","0.000 s",""
"<embedded>","vscale_sim_top.PROGRESS:precondition1","covered","C","1","0.000 s",""
"<embedded>","vscale_sim_top.AFIX_0","cex","AM","4","0.204 s",""
"<embedded>","vscale_sim_top.AFIX_0:precondition1","covered","C","4","0.681 s",""
"<embedded>","vscale_sim_top.AFIX_1","cex","AM","1 - 4","0.204 s",""
"<embedded>","vscale_sim_top.AFIX_1:precondition1","covered","C","4","0.681 s",""
"<embedded>","vscale_sim_top.AFIX_2","cex","AM","2 - 4","0.204 s",""
"<embedded>","vscale_sim_top.AFIX_2:precondition1","covered","C","4","0.681 s",""
"<embedded>","vscale_sim_top.AFIX_3","cex","AM","4","0.439 s",""
"<embedded>","vscale_sim_top.AFIX_3:precondition1","covered","C","4","0.681 s",""
"<embedded>","vscale_sim_top.AFIX_4","proven","AD","Infinite","0.366 s",""
"<embedded>","vscale_sim_top.AFIX_4:precondition1","covered","C","4","0.681 s",""
"<embedded>","vscale_sim_top.AFIX_5","cex","AM","2 - 4","0.204 s",""
"<embedded>","vscale_sim_top.AFIX_5:precondition1","covered","C","4","0.681 s",""
"<embedded>","vscale_sim_top.AFIX_6","cex","AM","38","3.085 s",""
"<embedded>","vscale_sim_top.AFIX_6:precondition1","covered","C","4","0.681 s",""
"<embedded>","vscale_sim_top.AFIX_7","proven","AD","Infinite","0.420 s",""
"<embedded>","vscale_sim_top.AFIX_7:precondition1","covered","C","4","0.681 s",""
"<embedded>","vscale_sim_top.AFIX_8","proven","AM","Infinite","0.201 s",""
"<embedded>","vscale_sim_top.AFIX_8:precondition1","covered","C","4","0.681 s",""
"<embedded>","vscale_sim_top.AFIX_9","proven","AM","Infinite","0.226 s",""
"<embedded>","vscale_sim_top.AFIX_9:precondition1","covered","C","4","0.681 s",""
"<embedded>","vscale_sim_top.AFIX_10","proven","AM","Infinite","1.450 s",""
"<embedded>","vscale_sim_top.AFIX_10:precondition1","covered","C","4","0.681 s",""
"<embedded>","vscale_sim_top.AFIX_11","cex","AM","14 - 38","3.085 s",""
"<embedded>","vscale_sim_top.AFIX_11:precondition1","covered","C","4","0.681 s",""
"<embedded>","vscale_sim_top.AFIX_12","cex","AD","5","0.193 s",""
"<embedded>","vscale_sim_top.AFIX_12:precondition1","covered","C","4","0.681 s",""
"<embedded>","vscale_sim_top.AFIX_13","cex","AD","2 - 5","0.193 s",""
"<embedded>","vscale_sim_top.AFIX_13:precondition1","covered","C","4","0.681 s",""
"<embedded>","vscale_sim_top.AFIX_14","cex","AM","2 - 4","0.204 s",""
"<embedded>","vscale_sim_top.AFIX_14:precondition1","covered","C","4","0.681 s",""
"<embedded>","vscale_sim_top.AFIX_15","cex","AD","2 - 5","0.193 s",""
"<embedded>","vscale_sim_top.AFIX_15:precondition1","covered","C","4","0.681 s",""
"<embedded>","vscale_sim_top.AFIX_16","cex","AD","2 - 5","0.193 s",""
"<embedded>","vscale_sim_top.AFIX_16:precondition1","covered","C","4","0.681 s",""
"<embedded>","vscale_sim_top.AFIX_17","proven","AM","Infinite","0.101 s",""
"<embedded>","vscale_sim_top.AFIX_17:precondition1","covered","C","4","0.681 s",""
"<embedded>","vscale_sim_top.AFIX_18","cex","N","4","0.624 s",""
"<embedded>","vscale_sim_top.AFIX_18:precondition1","covered","C","4","0.681 s",""
"<embedded>","vscale_sim_top.AFIX_19","proven","AM","Infinite","1.378 s",""
"<embedded>","vscale_sim_top.AFIX_19:precondition1","covered","C","4","0.681 s",""
"<embedded>","vscale_sim_top.AFIX_20","proven","AD","Infinite","0.826 s",""
"<embedded>","vscale_sim_top.AFIX_20:precondition1","covered","C","4","0.681 s",""
"<embedded>","vscale_sim_top.AFIX_21","cex","AM","2 - 4","0.204 s",""
"<embedded>","vscale_sim_top.AFIX_21:precondition1","covered","C","4","0.681 s",""
"<embedded>","vscale_sim_top.AFIX_22","cex","AM","2 - 4","0.204 s",""
"<embedded>","vscale_sim_top.AFIX_22:precondition1","covered","C","4","0.681 s",""
"<embedded>","vscale_sim_top.AFIX_23","proven","PRE","Infinite","0.000 s",""
"<embedded>","vscale_sim_top.AFIX_23:precondition1","covered","C","4","0.681 s",""
"<embedded>","vscale_sim_top.AFIX_24","proven","AD","Infinite","0.217 s",""
"<embedded>","vscale_sim_top.AFIX_24:precondition1","covered","C","4","0.681 s",""
"<embedded>","vscale_sim_top.AFIX_25","proven","AD","Infinite","0.253 s",""
"<embedded>","vscale_sim_top.AFIX_25:precondition1","covered","C","4","0.681 s",""
"<embedded>","vscale_sim_top.AFIX_26","cex","AD","4","0.175 s",""
"<embedded>","vscale_sim_top.AFIX_26:precondition1","covered","C","4","0.681 s",""
"<embedded>","vscale_sim_top.AFIX_27","cex","AD","4","0.123 s",""
"<embedded>","vscale_sim_top.AFIX_27:precondition1","covered","C","4","0.681 s",""
"<embedded>","vscale_sim_top.AFIX_28","cex","AD","4","0.121 s",""
"<embedded>","vscale_sim_top.AFIX_28:precondition1","covered","C","4","0.681 s",""
"<embedded>","vscale_sim_top.AFIX_29","cex","AD","4","0.119 s",""
"<embedded>","vscale_sim_top.AFIX_29:precondition1","covered","C","4","0.681 s",""
"<embedded>","vscale_sim_top.AFIX_30","cex","AD","4","0.138 s",""
"<embedded>","vscale_sim_top.AFIX_30:precondition1","covered","C","4","0.681 s",""
"<embedded>","vscale_sim_top.AFIX_31","cex","N","4","0.696 s",""
"<embedded>","vscale_sim_top.AFIX_31:precondition1","covered","C","4","0.681 s",""
"<embedded>","vscale_sim_top.AFIX_32","cex","AD","4","0.147 s",""
"<embedded>","vscale_sim_top.AFIX_32:precondition1","covered","C","4","0.681 s",""
"<embedded>","vscale_sim_top.AFIX_33","cex","AD","4","0.596 s",""
"<embedded>","vscale_sim_top.AFIX_33:precondition1","covered","C","4","0.681 s",""
"<embedded>","vscale_sim_top.AFIX_34","cex","AD","4","0.126 s",""
"<embedded>","vscale_sim_top.AFIX_34:precondition1","covered","C","4","0.681 s",""
"<embedded>","vscale_sim_top.AFIX_35","cex","AM","2 - 4","0.204 s",""
"<embedded>","vscale_sim_top.AFIX_35:precondition1","covered","C","4","0.681 s",""
"<embedded>","vscale_sim_top.AFIX_36","cex","AM","2 - 4","0.204 s",""
"<embedded>","vscale_sim_top.AFIX_36:precondition1","covered","C","4","0.681 s",""
"<embedded>","vscale_sim_top.AFIX_37","cex","AD","2 - 5","0.193 s",""
"<embedded>","vscale_sim_top.AFIX_37:precondition1","covered","C","4","0.681 s",""
"<embedded>","vscale_sim_top.AFIX_38","cex","AD","4","0.131 s",""
"<embedded>","vscale_sim_top.AFIX_38:precondition1","covered","C","4","0.681 s",""
"<embedded>","vscale_sim_top.AFIX_39","cex","AD","4","0.604 s",""
"<embedded>","vscale_sim_top.AFIX_39:precondition1","covered","C","4","0.681 s",""
"<embedded>","vscale_sim_top.AFIX_40","cex","AM","2 - 4","0.204 s",""
"<embedded>","vscale_sim_top.AFIX_40:precondition1","covered","C","4","0.681 s",""
"<embedded>","vscale_sim_top.AFIX_41","cex","AD","4","0.612 s",""
"<embedded>","vscale_sim_top.AFIX_41:precondition1","covered","C","4","0.681 s",""
"<embedded>","vscale_sim_top.AFIX_42","cex","AD","4","0.140 s",""
"<embedded>","vscale_sim_top.AFIX_42:precondition1","covered","C","4","0.681 s",""
"<embedded>","vscale_sim_top.AFIX_43","cex","AD","4","0.158 s",""
"<embedded>","vscale_sim_top.AFIX_43:precondition1","covered","C","4","0.681 s",""
"<embedded>","vscale_sim_top.AFIX_44","proven","AM","Infinite","1.484 s",""
"<embedded>","vscale_sim_top.AFIX_44:precondition1","covered","C","4","0.681 s",""
"<embedded>","vscale_sim_top.AFIX_45","proven","AD","Infinite","0.142 s",""
"<embedded>","vscale_sim_top.AFIX_45:precondition1","covered","C","4","0.681 s",""
"<embedded>","vscale_sim_top.AFIX_46","cex","AM","1 - 4","0.204 s",""
"<embedded>","vscale_sim_top.AFIX_46:precondition1","covered","C","4","0.681 s",""
"<embedded>","vscale_sim_top.AFIX_47","proven","AD","Infinite","0.749 s",""
"<embedded>","vscale_sim_top.AFIX_47:precondition1","covered","C","4","0.681 s",""
"<embedded>","vscale_sim_top.AFIX_48","cex","AD","5","0.206 s",""
"<embedded>","vscale_sim_top.AFIX_48:precondition1","covered","C","5","1.148 s",""
"<embedded>","vscale_sim_top.MEM_A_49","cex","AM","1 - 4","0.204 s",""
"<embedded>","vscale_sim_top.MEM_A_49:precondition1","covered","C","2 - 4","0.681 s",""
"<embedded>","vscale_sim_top.MEM_A_50","proven","AD","Infinite","0.287 s",""
"<embedded>","vscale_sim_top.MEM_A_50:precondition1","covered","C","4","0.681 s",""
