Task,Name,Result,Engine,Bound,Time,Note
"<embedded>","vscale_sim_top._assume_1","temporary","?","","0.000 s",""
"<embedded>","vscale_sim_top._assume_2","temporary","?","","0.000 s",""
"<embedded>","vscale_sim_top._assume_3","temporary","?","","0.000 s",""
"<embedded>","vscale_sim_top._assume_3:precondition1","covered","I","1","0.000 s",""
"<embedded>","vscale_sim_top._assume_4","temporary","?","","0.000 s",""
"<embedded>","vscale_sim_top._assume_5","temporary","?","","0.000 s",""
"<embedded>","vscale_sim_top._assume_6","temporary","?","","0.000 s",""
"<embedded>","vscale_sim_top._assume_7","temporary","?","","0.000 s",""
"<embedded>","vscale_sim_top._assume_8","temporary","?","","0.000 s",""
"<embedded>","vscale_sim_top._assume_9","temporary","?","","0.000 s",""
"<embedded>","vscale_sim_top._assume_10","temporary","?","","0.000 s",""
"<embedded>","vscale_sim_top._assume_10:precondition1","covered","K","3","0.286 s",""
"<embedded>","vscale_sim_top._assume_11","temporary","?","","0.000 s",""
"<embedded>","vscale_sim_top._assume_11:precondition1","covered","I","4","0.671 s",""
"<embedded>","vscale_sim_top._assume_12","temporary","?","","0.000 s",""
"<embedded>","vscale_sim_top._assume_13","temporary","?","","0.000 s",""
"<embedded>","vscale_sim_top._assume_14","temporary","?","","0.000 s",""
"<embedded>","vscale_sim_top._assume_14:precondition1","covered","I","2 - 4","0.671 s",""
"<embedded>","vscale_sim_top._assume_15","temporary","?","","0.000 s",""
"<embedded>","vscale_sim_top._assume_15:precondition1","covered","I","1","0.000 s",""
"<embedded>","vscale_sim_top._assume_16","temporary","?","","0.000 s",""
"<embedded>","vscale_sim_top._assume_16:precondition1","covered","K","5","0.962 s",""
"<embedded>","vscale_sim_top._assume_17","temporary","?","","0.000 s",""
"<embedded>","vscale_sim_top._assume_17:precondition1","covered","I","1","0.000 s",""
"<embedded>","vscale_sim_top._assert_18","proven","AD","Infinite","0.456 s",""
"<embedded>","vscale_sim_top._assert_18:precondition1","covered","I","1","0.000 s",""
