Task,Name,Result,Engine,Bound,Time,Note
"<embedded>","vscale_sim_top._assume_1","temporary","?","","0.000 s",""
"<embedded>","vscale_sim_top._assume_2","temporary","?","","0.000 s",""
"<embedded>","vscale_sim_top._assume_3","temporary","?","","0.000 s",""
"<embedded>","vscale_sim_top._assume_3:precondition1","covered","C","1","0.000 s",""
"<embedded>","vscale_sim_top._assume_4","temporary","?","","0.000 s",""
"<embedded>","vscale_sim_top._assume_5","temporary","?","","0.000 s",""
"<embedded>","vscale_sim_top._assume_6","temporary","?","","0.000 s",""
"<embedded>","vscale_sim_top._assume_7","temporary","?","","0.000 s",""
"<embedded>","vscale_sim_top._assume_8","temporary","?","","0.000 s",""
"<embedded>","vscale_sim_top._assume_9","temporary","?","","0.000 s",""
"<embedded>","vscale_sim_top._assume_10","temporary","?","","0.000 s",""
"<embedded>","vscale_sim_top._assume_11","temporary","?","","0.000 s",""
"<embedded>","vscale_sim_top._assume_11:precondition1","covered","C","3","0.298 s",""
"<embedded>","vscale_sim_top._assume_12","temporary","?","","0.000 s",""
"<embedded>","vscale_sim_top._assume_12:precondition1","covered","C","4","0.733 s",""
"<embedded>","vscale_sim_top._assume_13","temporary","?","","0.000 s",""
"<embedded>","vscale_sim_top._assume_14","temporary","?","","0.000 s",""
"<embedded>","vscale_sim_top._assume_15","temporary","?","","0.000 s",""
"<embedded>","vscale_sim_top._assume_15:precondition1","covered","C","2 - 4","0.733 s",""
"<embedded>","vscale_sim_top._assume_16","temporary","?","","0.000 s",""
"<embedded>","vscale_sim_top._assume_16:precondition1","covered","C","1","0.000 s",""
"<embedded>","vscale_sim_top._assume_17","temporary","?","","0.000 s",""
"<embedded>","vscale_sim_top._assume_17:precondition1","covered","C","5","0.947 s",""
"<embedded>","vscale_sim_top._assume_18","temporary","?","","0.000 s",""
"<embedded>","vscale_sim_top._assume_18:precondition1","covered","C","1","0.000 s",""
"<embedded>","vscale_sim_top._assert_19","proven","AM","Infinite","0.192 s",""
"<embedded>","vscale_sim_top._assert_19:precondition1","covered","C","1","0.000 s",""
